Resource;Zone;New_Build;Can_Retire;Existing_Cap_MW;Max_Cap_MW;Min_Cap_MW;Inv_Cost_per_MWyr;Fixed_OM_Cost_per_MWyr;Var_OM_Cost_per_MWh;Heat_Rate_MMBTU_per_MWh;Fuel;region;cluster;Min_Power;Ramp_Up_Percentage;Ramp_Dn_Percentage;Hydro_Energy_to_Power_Ratio;LDS;Reg_Cost;Rsv_Cost;Reg_Max;Rsv_Max
NO1_conventional_hydroelectric;1;0;0;1420;-1;0;249043.1251;29840;0.37;9.12;None;NO1;1;0;0.083;0.083;4557.144284;1;0.006916667;0.013833333;0;0
NO2_conventional_hydroelectric;2;0;0;9816;-1;0;249043.1251;29840;0.37;9.12;None;NO2;1;0;0.083;0.083;3999.441381;1;0.006916667;0.013833333;0;0
NO3_conventional_hydroelectric;3;0;0;3416;-1;0;249043.1251;29840;0.37;9.12;None;NO3;1;0;0.083;0.083;4482.11643;1;0.006916667;0.013833333;0;0
NO4_conventional_hydroelectric;4;0;0;4907;-1;0;249043.1251;29840;0.37;9.12;None;NO4;1;0;0.083;0.083;4817.318459;1;0.006916667;0.013833333;0;0
NO5_conventional_hydroelectric;5;0;0;7102;-1;0;249043.1251;29840;0.37;9.12;None;NO5;1;0;0.083;0.083;3204.051365;1;0.006916667;0.013833333;0;0
Cont_conventional_hydroelectric;6;0;0;17681;-1;0;249043.1251;29840;0.37;9.12;None;Cont;1;0;0.083;0.083;1717;1;0.006916667;0.013833333;0;0
