;Network_zones;CO_2_Cap_Zone_1;CO_2_Cap_Zone_2;CO_2_Cap_Zone_3;CO_2_Cap_Zone_4;CO_2_Cap_Zone_5;CO_2_Cap_Zone_6;CO_2_Max_tons_MWh_1;CO_2_Max_tons_MWh_2;CO_2_Max_tons_MWh_3;CO_2_Max_tons_MWh_4;CO_2_Max_tons_MWh_5;CO_2_Max_tons_MWh_6;CO_2_Max_Mtons_1;CO_2_Max_Mtons_2;CO_2_Max_Mtons_3;CO_2_Max_Mtons_4;CO_2_Max_Mtons_5;CO_2_Max_Mtons_6
NO1;z1;1;0;0;0;0;0;0;0;0;0;0;0;2.048;0;0;0;0;0
NO2;z2;0;1;0;0;0;0;0;0;0;0;0;0;0;2.048;0;0;0;0
NO3;z3;0;0;1;0;0;0;0;0;0;0;0;0;0;0;2.048;0;0;0
NO4;z4;0;0;0;1;0;0;0;0;0;0;0;0;0;0;0;2.048;0;0
NO5;z5;0;0;0;0;1;0;0;0;0;0;0;0;0;0;0;0;2.048;0
Cont;z6;0;0;0;0;0;1;0;0;0;0;0;0;0;0;0;0;0;514.66
